<?xml version="1.0"?>
<!--
  ~ Milyn - Copyright (C) 2006 - 2010
  ~
  ~ This library is free software; you can redistribute it and/or
  ~ modify it under the terms of the GNU Lesser General Public
  ~ License (version 2.1) as published by the Free Software
  ~ Foundation.
  ~
  ~ This library is distributed in the hope that it will be useful,
  ~ but WITHOUT ANY WARRANTY; without even the implied warranty of
  ~ MERCHANTABILITY or FITNESS FOR A PARTICULAR PURPOSE.
  ~
  ~ See the GNU Lesser General Public License for more details:
  ~ http://www.gnu.org/licenses/lgpl.txt
  -->

<smooks-resource-list xmlns="http://www.milyn.org/xsd/smooks-1.1.xsd"
                      xmlns:csv="http://www.milyn.org/xsd/smooks/csv-1.3.xsd"
                      xmlns:jb="http://www.milyn.org/xsd/smooks/javabean-1.4.xsd">

    <!--
        Split out the individual stock tick records using a <csv:reader>.  Could also use
        a <regex:reader>...
    -->
    <csv:reader fields="time,symbol,price" separator=";"
                rootElementName="stockTicks" recordElementName="stockTick" />

    <!--
        Bind the stock <stockTick> fields into the StockTick object instance...
    -->
    <jb:value beanId="timestamp" data="/stockTicks/stockTick/time" decoder="Long" />
    <jb:bean beanId="stockTick" class="org.drools.examples.broker.model.StockTick" createOnElement="/stockTicks/stockTick">
        <jb:expression property="timestamp">PTIME.startMillis + timestamp</jb:expression>
        <jb:value property="symbol" data="#/symbol" />
        <jb:value property="price" data="#/price" decoder="Double">
            <jb:decodeParam name="type">CURRENCY</jb:decodeParam>
            <jb:decodeParam name="locale">en_US</jb:decodeParam>
        </jb:value>
        <jb:expression property="str">this.createString()</jb:expression>
    </jb:bean>

</smooks-resource-list>
